类型,分类,原文件名,最终文件名,说明
完整图标库,01_餐饮美食,emoji_aubergine.png,emoji_aubergine.png,英文描述名称
完整图标库,01_餐饮美食,emoji_banana.png,emoji_banana.png,英文描述名称
完整图标库,01_餐饮美食,emoji_beer_mug.png,emoji_beer_mug.png,英文描述名称
完整图标库,01_餐饮美食,emoji_bento_box.png,emoji_bento_box.png,英文描述名称
完整图标库,01_餐饮美食,emoji_birthday_cake.png,emoji_birthday_cake.png,英文描述名称
完整图标库,01_餐饮美食,emoji_bottle_with_popping_cork.png,emoji_bottle_with_popping_cork.png,英文描述名称
完整图标库,01_餐饮美食,emoji_bread.png,emoji_bread.png,英文描述名称
完整图标库,01_餐饮美食,emoji_candy.png,emoji_candy.png,英文描述名称
完整图标库,01_餐饮美食,emoji_cherries.png,emoji_cherries.png,英文描述名称
完整图标库,01_餐饮美食,emoji_chocolate_bar.png,emoji_chocolate_bar.png,英文描述名称
完整图标库,01_餐饮美食,emoji_clinking_beer_mugs.png,emoji_clinking_beer_mugs.png,英文描述名称
完整图标库,01_餐饮美食,emoji_cocktail_glass.png,emoji_cocktail_glass.png,英文描述名称
完整图标库,01_餐饮美食,emoji_cooked_rice.png,emoji_cooked_rice.png,英文描述名称
完整图标库,01_餐饮美食,emoji_cookie.png,emoji_cookie.png,英文描述名称
完整图标库,01_餐饮美食,emoji_cooking.png,emoji_cooking.png,英文描述名称
完整图标库,01_餐饮美食,emoji_curry_and_rice.png,emoji_curry_and_rice.png,英文描述名称
完整图标库,01_餐饮美食,emoji_custard.png,emoji_custard.png,英文描述名称
完整图标库,01_餐饮美食,emoji_dango.png,emoji_dango.png,英文描述名称
完整图标库,01_餐饮美食,emoji_doughnut.png,emoji_doughnut.png,英文描述名称
完整图标库,01_餐饮美食,emoji_fish_cake_with_swirl_design.png,emoji_fish_cake_with_swirl_design.png,英文描述名称
完整图标库,01_餐饮美食,emoji_fork_and_knife.png,emoji_fork_and_knife.png,英文描述名称
完整图标库,01_餐饮美食,emoji_fork_and_knife_with_plate.png,emoji_fork_and_knife_with_plate.png,英文描述名称
完整图标库,01_餐饮美食,emoji_french_fries.png,emoji_french_fries.png,英文描述名称
完整图标库,01_餐饮美食,emoji_fried_shrimp.png,emoji_fried_shrimp.png,英文描述名称
完整图标库,01_餐饮美食,emoji_grapes.png,emoji_grapes.png,英文描述名称
完整图标库,01_餐饮美食,emoji_green_apple.png,emoji_green_apple.png,英文描述名称
完整图标库,01_餐饮美食,emoji_hamburger.png,emoji_hamburger.png,英文描述名称
完整图标库,01_餐饮美食,emoji_honey_pot.png,emoji_honey_pot.png,英文描述名称
完整图标库,01_餐饮美食,emoji_ice_cream.png,emoji_ice_cream.png,英文描述名称
完整图标库,01_餐饮美食,emoji_izakaya_lantern.png,emoji_izakaya_lantern.png,英文描述名称
完整图标库,01_餐饮美食,emoji_lemon.png,emoji_lemon.png,英文描述名称
完整图标库,01_餐饮美食,emoji_lollipop.png,emoji_lollipop.png,英文描述名称
完整图标库,01_餐饮美食,emoji_meat_on_bone.png,emoji_meat_on_bone.png,英文描述名称
完整图标库,01_餐饮美食,emoji_melon.png,emoji_melon.png,英文描述名称
完整图标库,01_餐饮美食,emoji_mushroom.png,emoji_mushroom.png,英文描述名称
完整图标库,01_餐饮美食,emoji_oden.png,emoji_oden.png,英文描述名称
完整图标库,01_餐饮美食,emoji_peach.png,emoji_peach.png,英文描述名称
完整图标库,01_餐饮美食,emoji_pear.png,emoji_pear.png,英文描述名称
完整图标库,01_餐饮美食,emoji_pineapple.png,emoji_pineapple.png,英文描述名称
完整图标库,01_餐饮美食,emoji_popcorn.png,emoji_popcorn1.png,与代码必需名称冲突，已加数字后缀
完整图标库,01_餐饮美食,emoji_pot_of_food.png,emoji_pot_of_food.png,英文描述名称
完整图标库,01_餐饮美食,emoji_poultry_leg.png,emoji_poultry_leg.png,英文描述名称
完整图标库,01_餐饮美食,emoji_red_apple.png,emoji_red_apple.png,英文描述名称
完整图标库,01_餐饮美食,emoji_rice_ball.png,emoji_rice_ball.png,英文描述名称
完整图标库,01_餐饮美食,emoji_rice_cracker.png,emoji_rice_cracker.png,英文描述名称
完整图标库,01_餐饮美食,emoji_roasted_sweet_potato.png,emoji_roasted_sweet_potato.png,英文描述名称
完整图标库,01_餐饮美食,emoji_sake_bottle_and_cup.png,emoji_sake_bottle_and_cup.png,英文描述名称
完整图标库,01_餐饮美食,emoji_shaved_ice.png,emoji_shaved_ice.png,英文描述名称
完整图标库,01_餐饮美食,emoji_shortcake.png,emoji_shortcake.png,英文描述名称
完整图标库,01_餐饮美食,emoji_slice_of_pizza.png,emoji_slice_of_pizza.png,英文描述名称
完整图标库,01_餐饮美食,emoji_soft_ice_cream.png,emoji_soft_ice_cream.png,英文描述名称
完整图标库,01_餐饮美食,emoji_spaghetti.png,emoji_spaghetti.png,英文描述名称
完整图标库,01_餐饮美食,emoji_steaming_bowl.png,emoji_steaming_bowl.png,英文描述名称
完整图标库,01_餐饮美食,emoji_strawberry.png,emoji_strawberry.png,英文描述名称
完整图标库,01_餐饮美食,emoji_sushi.png,emoji_sushi.png,英文描述名称
完整图标库,01_餐饮美食,emoji_tangerine.png,emoji_tangerine.png,英文描述名称
完整图标库,01_餐饮美食,emoji_teacup_without_handle.png,emoji_teacup_without_handle.png,英文描述名称
完整图标库,01_餐饮美食,emoji_tomato.png,emoji_tomato.png,英文描述名称
完整图标库,01_餐饮美食,emoji_tropical_drink.png,emoji_tropical_drink.png,英文描述名称
完整图标库,01_餐饮美食,emoji_watermelon.png,emoji_watermelon.png,英文描述名称
完整图标库,01_餐饮美食,emoji_wine_glass.png,emoji_wine_glass.png,英文描述名称
完整图标库,02_出行交通,emoji_airplane.png,emoji_airplane1.png,与代码必需名称冲突，已加数字后缀
完整图标库,02_出行交通,emoji_blue_car_front.png,emoji_blue_car_front.png,英文描述名称
完整图标库,02_出行交通,emoji_bus_front.png,emoji_bus_front.png,英文描述名称
完整图标库,02_出行交通,emoji_business_airplane.png,emoji_business_airplane.png,英文描述名称
完整图标库,02_出行交通,emoji_car_front.png,emoji_car_front.png,英文描述名称
完整图标库,02_出行交通,emoji_city_bus.png,emoji_city_bus.png,英文描述名称
完整图标库,02_出行交通,emoji_delivery_truck.png,emoji_delivery_truck.png,英文描述名称
完整图标库,02_出行交通,emoji_freight_helicopter.png,emoji_freight_helicopter.png,英文描述名称
完整图标库,02_出行交通,emoji_passenger_airplane.png,emoji_passenger_airplane.png,英文描述名称
完整图标库,02_出行交通,emoji_racing_car.png,emoji_racing_car.png,英文描述名称
完整图标库,02_出行交通,emoji_racing_motorcycle.png,emoji_racing_motorcycle.png,英文描述名称
完整图标库,02_出行交通,emoji_train_front.png,emoji_train_front.png,英文描述名称
完整图标库,02_出行交通,emoji_yellow_bus.png,emoji_yellow_bus.png,英文描述名称
完整图标库,03_购物消费,emoji_convenience_store.png,emoji_convenience_store.png,英文描述名称
完整图标库,03_购物消费,emoji_department_store.png,emoji_department_store.png,英文描述名称
完整图标库,03_购物消费,emoji_label.png,emoji_label.png,英文描述名称
完整图标库,03_购物消费,emoji_shopping_bag_purple.png,emoji_shopping_bag_purple.png,英文描述名称
完整图标库,03_购物消费,emoji_shopping_bag_yellow.png,emoji_shopping_bag_yellow.png,英文描述名称
完整图标库,03_购物消费,emoji_wrapped_present.png,emoji_wrapped_present.png,英文描述名称
完整图标库,04_居家生活,emoji_amphora.png,emoji_amphora.png,英文描述名称
完整图标库,04_居家生活,emoji_building_construction.png,emoji_building_construction.png,英文描述名称
完整图标库,04_居家生活,emoji_cityscape.png,emoji_cityscape.png,英文描述名称
完整图标库,04_居家生活,emoji_derelict_house_building.png,emoji_derelict_house_building.png,英文描述名称
完整图标库,04_居家生活,emoji_house_building.png,emoji_house_building.png,英文描述名称
完整图标库,04_居家生活,emoji_house_buildings.png,emoji_house_buildings.png,英文描述名称
完整图标库,04_居家生活,emoji_house_with_garden.png,emoji_house_with_garden.png,英文描述名称
完整图标库,05_健康运动,emoji_american_football.png,emoji_american_football.png,英文描述名称
完整图标库,05_健康运动,emoji_badminton_racquet_and_shuttlecock.png,emoji_badminton_racquet_and_shuttlecock.png,英文描述名称
完整图标库,05_健康运动,emoji_basketball_and_hoop.png,emoji_basketball_and_hoop.png,英文描述名称
完整图标库,05_健康运动,emoji_bow_and_arrow.png,emoji_bow_and_arrow.png,英文描述名称
完整图标库,05_健康运动,emoji_chequered_flag.png,emoji_chequered_flag.png,英文描述名称
完整图标库,05_健康运动,emoji_cricket_bat_and_ball.png,emoji_cricket_bat_and_ball.png,英文描述名称
完整图标库,05_健康运动,emoji_field_hockey_stick_and_ball.png,emoji_field_hockey_stick_and_ball.png,英文描述名称
完整图标库,05_健康运动,emoji_golfer.png,emoji_golfer.png,英文描述名称
完整图标库,05_健康运动,emoji_golfer_female.png,emoji_golfer_female.png,英文描述名称
完整图标库,05_健康运动,emoji_horse_racing.png,emoji_horse_racing.png,英文描述名称
完整图标库,05_健康运动,emoji_hospital.png,emoji_hospital.png,英文描述名称
完整图标库,05_健康运动,emoji_ice_hockey_stick_and_puck.png,emoji_ice_hockey_stick_and_puck.png,英文描述名称
完整图标库,05_健康运动,emoji_rugby_football.png,emoji_rugby_football.png,英文描述名称
完整图标库,05_健康运动,emoji_runner_female.png,emoji_runner_female.png,英文描述名称
完整图标库,05_健康运动,emoji_runner_male.png,emoji_runner_male.png,英文描述名称
完整图标库,05_健康运动,emoji_running_shirt_with_sash.png,emoji_running_shirt_with_sash.png,英文描述名称
完整图标库,05_健康运动,emoji_ski_and_ski_boot.png,emoji_ski_and_ski_boot.png,英文描述名称
完整图标库,05_健康运动,emoji_snowboarder.png,emoji_snowboarder.png,英文描述名称
完整图标库,05_健康运动,emoji_sports_medal.png,emoji_sports_medal.png,英文描述名称
完整图标库,05_健康运动,emoji_stadium.png,emoji_stadium.png,英文描述名称
完整图标库,05_健康运动,emoji_surfer_female.png,emoji_surfer_female.png,英文描述名称
完整图标库,05_健康运动,emoji_surfer_male.png,emoji_surfer_male.png,英文描述名称
完整图标库,05_健康运动,emoji_swimmer_female.png,emoji_swimmer_female.png,英文描述名称
完整图标库,05_健康运动,emoji_swimmer_male.png,emoji_swimmer_male.png,英文描述名称
完整图标库,05_健康运动,emoji_table_tennis_paddle_and_ball.png,emoji_table_tennis_paddle_and_ball.png,英文描述名称
完整图标库,05_健康运动,emoji_tennis_racquet_and_ball.png,emoji_tennis_racquet_and_ball.png,英文描述名称
完整图标库,05_健康运动,emoji_trophy.png,emoji_trophy.png,英文描述名称
完整图标库,05_健康运动,emoji_volleyball.png,emoji_volleyball.png,英文描述名称
完整图标库,05_健康运动,emoji_weight_lifter_female.png,emoji_weight_lifter_female.png,英文描述名称
完整图标库,05_健康运动,emoji_weight_lifter_male.png,emoji_weight_lifter_male.png,英文描述名称
完整图标库,06_学习工作,emoji_backpack_green.png,emoji_backpack_green.png,英文描述名称
完整图标库,06_学习工作,emoji_books_and_blocks.png,emoji_books_and_blocks.png,英文描述名称
完整图标库,06_学习工作,emoji_briefcase.png,emoji_briefcase1.png,与代码必需名称冲突，已加数字后缀
完整图标库,06_学习工作,emoji_desktop_computer.png,emoji_desktop_computer.png,英文描述名称
完整图标库,06_学习工作,emoji_european_post_office.png,emoji_european_post_office.png,英文描述名称
完整图标库,06_学习工作,emoji_factory.png,emoji_factory.png,英文描述名称
完整图标库,06_学习工作,emoji_graduation_cap.png,emoji_graduation_cap.png,英文描述名称
完整图标库,06_学习工作,emoji_japanese_post_office.png,emoji_japanese_post_office.png,英文描述名称
完整图标库,06_学习工作,emoji_laptop_computer.png,emoji_laptop_computer.png,英文描述名称
完整图标库,06_学习工作,emoji_office_building.png,emoji_office_building.png,英文描述名称
完整图标库,06_学习工作,emoji_printer.png,emoji_printer.png,英文描述名称
完整图标库,06_学习工作,emoji_school.png,emoji_school.png,英文描述名称
完整图标库,06_学习工作,emoji_school_satchel.png,emoji_school_satchel.png,英文描述名称
完整图标库,07_娱乐社交,emoji_admission_tickets.png,emoji_admission_tickets.png,英文描述名称
完整图标库,07_娱乐社交,emoji_artist_palette.png,emoji_artist_palette.png,英文描述名称
完整图标库,07_娱乐社交,emoji_billiards.png,emoji_billiards.png,英文描述名称
完整图标库,07_娱乐社交,emoji_bowling.png,emoji_bowling.png,英文描述名称
完整图标库,07_娱乐社交,emoji_carousel_horse.png,emoji_carousel_horse.png,英文描述名称
完整图标库,07_娱乐社交,emoji_cinema.png,emoji_cinema.png,英文描述名称
完整图标库,07_娱乐社交,emoji_circus_tent.png,emoji_circus_tent.png,英文描述名称
完整图标库,07_娱乐社交,emoji_clapper_board.png,emoji_clapper_board.png,英文描述名称
完整图标库,07_娱乐社交,emoji_control_knobs.png,emoji_control_knobs.png,英文描述名称
完整图标库,07_娱乐社交,emoji_direct_hit.png,emoji_direct_hit.png,英文描述名称
完整图标库,07_娱乐社交,emoji_ferris_wheel.png,emoji_ferris_wheel.png,英文描述名称
完整图标库,07_娱乐社交,emoji_film_frames.png,emoji_film_frames.png,英文描述名称
完整图标库,07_娱乐社交,emoji_fishing_pole_and_fish.png,emoji_fishing_pole_and_fish.png,英文描述名称
完整图标库,07_娱乐社交,emoji_flower_playing_cards.png,emoji_flower_playing_cards.png,英文描述名称
完整图标库,07_娱乐社交,emoji_game_die.png,emoji_game_die.png,英文描述名称
完整图标库,07_娱乐社交,emoji_guitar.png,emoji_guitar.png,英文描述名称
完整图标库,07_娱乐社交,emoji_headphone.png,emoji_headphone.png,英文描述名称
完整图标库,07_娱乐社交,emoji_level_slider.png,emoji_level_slider.png,英文描述名称
完整图标库,07_娱乐社交,emoji_mahjong_tile_red_dragon.png,emoji_mahjong_tile_red_dragon.png,英文描述名称
完整图标库,07_娱乐社交,emoji_microphone.png,emoji_microphone.png,英文描述名称
完整图标库,07_娱乐社交,emoji_movie_camera.png,emoji_movie_camera.png,英文描述名称
完整图标库,07_娱乐社交,emoji_multiple_musical_notes.png,emoji_multiple_musical_notes.png,英文描述名称
完整图标库,07_娱乐社交,emoji_musical_keyboard.png,emoji_musical_keyboard.png,英文描述名称
完整图标库,07_娱乐社交,emoji_musical_note.png,emoji_musical_note.png,英文描述名称
完整图标库,07_娱乐社交,emoji_musical_score.png,emoji_musical_score.png,英文描述名称
完整图标库,07_娱乐社交,emoji_performing_arts.png,emoji_performing_arts.png,英文描述名称
完整图标库,07_娱乐社交,emoji_playing_card_black_joker.png,emoji_playing_card_black_joker.png,英文描述名称
完整图标库,07_娱乐社交,emoji_roller_coaster.png,emoji_roller_coaster.png,英文描述名称
完整图标库,07_娱乐社交,emoji_saxophone.png,emoji_saxophone.png,英文描述名称
完整图标库,07_娱乐社交,emoji_slot_machine.png,emoji_slot_machine.png,英文描述名称
完整图标库,07_娱乐社交,emoji_studio_microphone.png,emoji_studio_microphone.png,英文描述名称
完整图标库,07_娱乐社交,emoji_ticket.png,emoji_ticket1.png,与代码必需名称冲突，已加数字后缀
完整图标库,07_娱乐社交,emoji_top_hat.png,emoji_top_hat.png,英文描述名称
完整图标库,07_娱乐社交,emoji_trumpet.png,emoji_trumpet.png,英文描述名称
完整图标库,07_娱乐社交,emoji_video_game.png,emoji_video_game.png,英文描述名称
完整图标库,07_娱乐社交,emoji_violin.png,emoji_violin.png,英文描述名称
完整图标库,08_时尚美容,emoji_athletic_shoe.png,emoji_athletic_shoe.png,英文描述名称
完整图标库,08_时尚美容,emoji_baseball_cap.png,emoji_baseball_cap.png,英文描述名称
完整图标库,08_时尚美容,emoji_beauty_device.png,emoji_beauty_device.png,英文描述名称
完整图标库,08_时尚美容,emoji_bikini.png,emoji_bikini.png,英文描述名称
完整图标库,08_时尚美容,emoji_crown.png,emoji_crown.png,英文描述名称
完整图标库,08_时尚美容,emoji_dress.png,emoji_dress.png,英文描述名称
完整图标库,08_时尚美容,emoji_ear.png,emoji_ear.png,英文描述名称
完整图标库,08_时尚美容,emoji_eye.png,emoji_eye.png,英文描述名称
完整图标库,08_时尚美容,emoji_eye_left_speech_bubble.png,emoji_eye_left_speech_bubble.png,英文描述名称
完整图标库,08_时尚美容,emoji_eyeglasses.png,emoji_eyeglasses.png,英文描述名称
完整图标库,08_时尚美容,emoji_eyes.png,emoji_eyes.png,英文描述名称
完整图标库,08_时尚美容,emoji_handbag_1.png,emoji_handbag_1.png,英文描述名称
完整图标库,08_时尚美容,emoji_handbag_2.png,emoji_handbag_2.png,英文描述名称
完整图标库,08_时尚美容,emoji_high_heel_shoe.png,emoji_high_heel_shoe.png,英文描述名称
完整图标库,08_时尚美容,emoji_high_heeled_shoe.png,emoji_high_heeled_shoe.png,英文描述名称
完整图标库,08_时尚美容,emoji_hoodie.png,emoji_hoodie.png,英文描述名称
完整图标库,08_时尚美容,emoji_jeans.png,emoji_jeans.png,英文描述名称
完整图标库,08_时尚美容,emoji_jewelry_earrings.png,emoji_jewelry_earrings.png,英文描述名称
完整图标库,08_时尚美容,emoji_kimono.png,emoji_kimono.png,英文描述名称
完整图标库,08_时尚美容,emoji_long_sleeve_tshirt.png,emoji_long_sleeve_tshirt.png,英文描述名称
完整图标库,08_时尚美容,emoji_mans_shoe.png,emoji_mans_shoe.png,英文描述名称
完整图标库,08_时尚美容,emoji_mens_and_womens_clothing.png,emoji_mens_and_womens_clothing.png,英文描述名称
完整图标库,08_时尚美容,emoji_mens_casual_shirt.png,emoji_mens_casual_shirt.png,英文描述名称
完整图标库,08_时尚美容,emoji_mens_shirt_with_tie.png,emoji_mens_shirt_with_tie.png,英文描述名称
完整图标库,08_时尚美容,emoji_mens_suit.png,emoji_mens_suit.png,英文描述名称
完整图标库,08_时尚美容,emoji_mouth.png,emoji_mouth.png,英文描述名称
完整图标库,08_时尚美容,emoji_necktie.png,emoji_necktie.png,英文描述名称
完整图标库,08_时尚美容,emoji_nose.png,emoji_nose.png,英文描述名称
完整图标库,08_时尚美容,emoji_pet_bath.png,emoji_pet_bath.png,英文描述名称
完整图标库,08_时尚美容,emoji_pouch.png,emoji_pouch.png,英文描述名称
完整图标库,08_时尚美容,emoji_purse.png,emoji_purse.png,英文描述名称
完整图标库,08_时尚美容,emoji_ribbon.png,emoji_ribbon.png,英文描述名称
完整图标库,08_时尚美容,emoji_rosette.png,emoji_rosette1.png,与代码必需名称冲突，已加数字后缀
完整图标库,08_时尚美容,emoji_scarf.png,emoji_scarf.png,英文描述名称
完整图标库,08_时尚美容,emoji_sneaker.png,emoji_sneaker.png,英文描述名称
完整图标库,08_时尚美容,emoji_t_shirt.png,emoji_t_shirt.png,英文描述名称
完整图标库,08_时尚美容,emoji_tongue.png,emoji_tongue.png,英文描述名称
完整图标库,08_时尚美容,emoji_underwear_set.png,emoji_underwear_set.png,英文描述名称
完整图标库,08_时尚美容,emoji_womans_boots.png,emoji_womans_boots.png,英文描述名称
完整图标库,08_时尚美容,emoji_womans_clothes.png,emoji_womans_clothes.png,英文描述名称
完整图标库,08_时尚美容,emoji_womans_hat.png,emoji_womans_hat.png,英文描述名称
完整图标库,08_时尚美容,emoji_womans_sandal.png,emoji_womans_sandal.png,英文描述名称
完整图标库,08_时尚美容,emoji_womens_dress_1.png,emoji_womens_dress_1.png,英文描述名称
完整图标库,08_时尚美容,emoji_womens_dress_2.png,emoji_womens_dress_2.png,英文描述名称
完整图标库,08_时尚美容,emoji_womens_hat.png,emoji_womens_hat.png,英文描述名称
完整图标库,09_财务收入,emoji_automated_teller_machine.png,emoji_automated_teller_machine.png,英文描述名称
完整图标库,09_财务收入,emoji_bank.png,emoji_bank.png,英文描述名称
完整图标库,09_财务收入,emoji_dollar_coin.png,emoji_dollar_coin.png,英文描述名称
完整图标库,09_财务收入,emoji_red_envelope.png,emoji_red_envelope.png,英文描述名称
完整图标库,09_财务收入,emoji_red_envelope_yuan.png,emoji_red_envelope_yuan.png,英文描述名称
完整图标库,09_财务收入,emoji_star_coin.png,emoji_star_coin.png,英文描述名称
完整图标库,09_财务收入,emoji_yuan_banknote.png,emoji_yuan_banknote.png,英文描述名称
完整图标库,09_财务收入,emoji_yuan_money_bag.png,emoji_yuan_money_bag.png,英文描述名称
完整图标库,10_家人育儿,emoji_baby_bodysuit.png,emoji_baby_bodysuit.png,英文描述名称
完整图标库,10_家人育儿,emoji_baby_bottle.png,emoji_baby_bottle.png,英文描述名称
完整图标库,10_家人育儿,emoji_baby_romper.png,emoji_baby_romper.png,英文描述名称
完整图标库,10_家人育儿,emoji_boy_1.png,emoji_boy_1.png,英文描述名称
完整图标库,10_家人育儿,emoji_boy_2.png,emoji_boy_2.png,英文描述名称
完整图标库,10_家人育儿,emoji_boy_3.png,emoji_boy_3.png,英文描述名称
完整图标库,10_家人育儿,emoji_boy_4.png,emoji_boy_4.png,英文描述名称
完整图标库,10_家人育儿,emoji_boy_5.png,emoji_boy_5.png,英文描述名称
完整图标库,10_家人育儿,emoji_boy_6.png,emoji_boy_6.png,英文描述名称
完整图标库,10_家人育儿,emoji_bust_in_silhouette.png,emoji_bust_in_silhouette.png,英文描述名称
完整图标库,10_家人育儿,emoji_busts_in_silhouette.png,emoji_busts_in_silhouette.png,英文描述名称
完整图标库,10_家人育儿,emoji_children_outfit_set.png,emoji_children_outfit_set.png,英文描述名称
完整图标库,10_家人育儿,emoji_footprints.png,emoji_footprints.png,英文描述名称
完整图标库,10_家人育儿,emoji_girl_1.png,emoji_girl_1.png,英文描述名称
完整图标库,10_家人育儿,emoji_girl_2.png,emoji_girl_2.png,英文描述名称
完整图标库,10_家人育儿,emoji_girl_3.png,emoji_girl_3.png,英文描述名称
完整图标库,10_家人育儿,emoji_man_1.png,emoji_man_1.png,英文描述名称
完整图标库,10_家人育儿,emoji_man_2.png,emoji_man_2.png,英文描述名称
完整图标库,10_家人育儿,emoji_man_airplane.png,emoji_man_airplane.png,英文描述名称
完整图标库,10_家人育儿,emoji_man_artist_palette.png,emoji_man_artist_palette.png,英文描述名称
完整图标库,10_家人育儿,emoji_man_baby_bottle.png,emoji_man_baby_bottle.png,英文描述名称
完整图标库,10_家人育儿,emoji_man_boy_1.png,emoji_man_boy_1.png,英文描述名称
完整图标库,10_家人育儿,emoji_man_boy_2.png,emoji_man_boy_2.png,英文描述名称
完整图标库,10_家人育儿,emoji_man_boy_3.png,emoji_man_boy_3.png,英文描述名称
完整图标库,10_家人育儿,emoji_man_boy_4.png,emoji_man_boy_4.png,英文描述名称
完整图标库,10_家人育儿,emoji_man_briefcase_1.png,emoji_man_briefcase_1.png,英文描述名称
完整图标库,10_家人育儿,emoji_man_briefcase_2.png,emoji_man_briefcase_2.png,英文描述名称
完整图标库,10_家人育儿,emoji_man_cooking.png,emoji_man_cooking.png,英文描述名称
完整图标库,10_家人育儿,emoji_man_ear_of_rice_1.png,emoji_man_ear_of_rice_1.png,英文描述名称
完整图标库,10_家人育儿,emoji_man_ear_of_rice_2.png,emoji_man_ear_of_rice_2.png,英文描述名称
完整图标库,10_家人育儿,emoji_man_emoji_component_bald.png,emoji_man_emoji_component_bald.png,英文描述名称
完整图标库,10_家人育儿,emoji_man_emoji_component_curly_hair.png,emoji_man_emoji_component_curly_hair.png,英文描述名称
完整图标库,10_家人育儿,emoji_man_emoji_component_red_hair.png,emoji_man_emoji_component_red_hair.png,英文描述名称
完整图标库,10_家人育儿,emoji_man_factory.png,emoji_man_factory.png,英文描述名称
完整图标库,10_家人育儿,emoji_man_fire_engine.png,emoji_man_fire_engine.png,英文描述名称
完整图标库,10_家人育儿,emoji_man_girl_1.png,emoji_man_girl_1.png,英文描述名称
完整图标库,10_家人育儿,emoji_man_girl_2.png,emoji_man_girl_2.png,英文描述名称
完整图标库,10_家人育儿,emoji_man_girl_3.png,emoji_man_girl_3.png,英文描述名称
完整图标库,10_家人育儿,emoji_man_girl_4.png,emoji_man_girl_4.png,英文描述名称
完整图标库,10_家人育儿,emoji_man_girl_boy.png,emoji_man_girl_boy.png,英文描述名称
完整图标库,10_家人育儿,emoji_man_graduation_cap.png,emoji_man_graduation_cap.png,英文描述名称
完整图标库,10_家人育儿,emoji_man_heavy_black_heart_1.png,emoji_man_heavy_black_heart_1.png,英文描述名称
完整图标库,10_家人育儿,emoji_man_heavy_black_heart_2.png,emoji_man_heavy_black_heart_2.png,英文描述名称
完整图标库,10_家人育儿,emoji_man_heavy_black_heart_3.png,emoji_man_heavy_black_heart_3.png,英文描述名称
完整图标库,10_家人育儿,emoji_man_heavy_black_heart_kiss_mark_1.png,emoji_man_heavy_black_heart_kiss_mark_1.png,英文描述名称
完整图标库,10_家人育儿,emoji_man_heavy_black_heart_kiss_mark_2.png,emoji_man_heavy_black_heart_kiss_mark_2.png,英文描述名称
完整图标库,10_家人育儿,emoji_man_manual_wheelchair.png,emoji_man_manual_wheelchair.png,英文描述名称
完整图标库,10_家人育儿,emoji_man_microphone_1.png,emoji_man_microphone_1.png,英文描述名称
完整图标库,10_家人育儿,emoji_man_microphone_2.png,emoji_man_microphone_2.png,英文描述名称
完整图标库,10_家人育儿,emoji_man_motorized_wheelchair.png,emoji_man_motorized_wheelchair.png,英文描述名称
完整图标库,10_家人育儿,emoji_man_personal_computer_1.png,emoji_man_personal_computer_1.png,英文描述名称
完整图标库,10_家人育儿,emoji_man_personal_computer_2.png,emoji_man_personal_computer_2.png,英文描述名称
完整图标库,10_家人育儿,emoji_man_probing_cane_1.png,emoji_man_probing_cane_1.png,英文描述名称
完整图标库,10_家人育儿,emoji_man_probing_cane_2.png,emoji_man_probing_cane_2.png,英文描述名称
完整图标库,10_家人育儿,emoji_man_rocket.png,emoji_man_rocket.png,英文描述名称
完整图标库,10_家人育儿,emoji_man_scales.png,emoji_man_scales.png,英文描述名称
完整图标库,10_家人育儿,emoji_man_school_1.png,emoji_man_school_1.png,英文描述名称
完整图标库,10_家人育儿,emoji_man_school_2.png,emoji_man_school_2.png,英文描述名称
完整图标库,10_家人育儿,emoji_man_staff_of_aesculapius.png,emoji_man_staff_of_aesculapius.png,英文描述名称
完整图标库,10_家人育儿,emoji_man_woman_boy_1.png,emoji_man_woman_boy_1.png,英文描述名称
完整图标库,10_家人育儿,emoji_man_woman_boy_2.png,emoji_man_woman_boy_2.png,英文描述名称
完整图标库,10_家人育儿,emoji_man_woman_girl_1.png,emoji_man_woman_girl_1.png,英文描述名称
完整图标库,10_家人育儿,emoji_man_woman_girl_2.png,emoji_man_woman_girl_2.png,英文描述名称
完整图标库,10_家人育儿,emoji_man_woman_girl_boy.png,emoji_man_woman_girl_boy.png,英文描述名称
完整图标库,10_家人育儿,emoji_man_wrench_1.png,emoji_man_wrench_1.png,英文描述名称
完整图标库,10_家人育儿,emoji_man_wrench_2.png,emoji_man_wrench_2.png,英文描述名称
完整图标库,10_家人育儿,emoji_parent_child_outfit.png,emoji_parent_child_outfit.png,英文描述名称
完整图标库,10_家人育儿,emoji_woman_ear_of_rice.png,emoji_woman_ear_of_rice.png,英文描述名称
完整图标库,11_其他通用,emoji_classical_building.png,emoji_classical_building.png,英文描述名称
完整图标库,11_其他通用,emoji_military_medal.png,emoji_military_medal.png,英文描述名称
完整图标库,11_其他通用,emoji_reminder_ribbon.png,emoji_reminder_ribbon.png,英文描述名称
完整图标库,12_自然天气,emoji_blossom.png,emoji_blossom.png,英文描述名称
完整图标库,12_自然天气,emoji_bridge_at_night.png,emoji_bridge_at_night.png,英文描述名称
完整图标库,12_自然天气,emoji_burrito.png,emoji_burrito.png,英文描述名称
完整图标库,12_自然天气,emoji_cactus.png,emoji_cactus.png,英文描述名称
完整图标库,12_自然天气,emoji_cherry_blossom.png,emoji_cherry_blossom.png,英文描述名称
完整图标库,12_自然天气,emoji_chestnut.png,emoji_chestnut.png,英文描述名称
完整图标库,12_自然天气,emoji_cityscape_at_dusk.png,emoji_cityscape_at_dusk.png,英文描述名称
完整图标库,12_自然天气,emoji_closed_umbrella.png,emoji_closed_umbrella.png,英文描述名称
完整图标库,12_自然天气,emoji_cloud_with_lightning.png,emoji_cloud_with_lightning.png,英文描述名称
完整图标库,12_自然天气,emoji_cloud_with_rain.png,emoji_cloud_with_rain.png,英文描述名称
完整图标库,12_自然天气,emoji_cloud_with_snow.png,emoji_cloud_with_snow.png,英文描述名称
完整图标库,12_自然天气,emoji_cloud_with_tornado.png,emoji_cloud_with_tornado.png,英文描述名称
完整图标库,12_自然天气,emoji_crescent_moon.png,emoji_crescent_moon.png,英文描述名称
完整图标库,12_自然天气,emoji_cyclone.png,emoji_cyclone.png,英文描述名称
完整图标库,12_自然天气,emoji_deciduous_tree.png,emoji_deciduous_tree.png,英文描述名称
完整图标库,12_自然天气,emoji_ear_of_maize.png,emoji_ear_of_maize.png,英文描述名称
完整图标库,12_自然天气,emoji_ear_of_rice.png,emoji_ear_of_rice.png,英文描述名称
完整图标库,12_自然天气,emoji_earth_globe_asia_australia.png,emoji_earth_globe_asia_australia.png,英文描述名称
完整图标库,12_自然天气,emoji_evergreen_tree.png,emoji_evergreen_tree.png,英文描述名称
完整图标库,12_自然天气,emoji_fallen_leaf.png,emoji_fallen_leaf.png,英文描述名称
完整图标库,12_自然天气,emoji_first_quarter_moon.png,emoji_first_quarter_moon.png,英文描述名称
完整图标库,12_自然天气,emoji_first_quarter_moon_with_face.png,emoji_first_quarter_moon_with_face.png,英文描述名称
完整图标库,12_自然天气,emoji_fog.png,emoji_fog.png,英文描述名称
完整图标库,12_自然天气,emoji_foggy.png,emoji_foggy.png,英文描述名称
完整图标库,12_自然天气,emoji_four_leaf_clover.png,emoji_four_leaf_clover.png,英文描述名称
完整图标库,12_自然天气,emoji_full_moon.png,emoji_full_moon.png,英文描述名称
完整图标库,12_自然天气,emoji_full_moon_with_face.png,emoji_full_moon_with_face.png,英文描述名称
完整图标库,12_自然天气,emoji_globe_with_meridians.png,emoji_globe_with_meridians.png,英文描述名称
完整图标库,12_自然天气,emoji_glowing_star.png,emoji_glowing_star.png,英文描述名称
完整图标库,12_自然天气,emoji_herb.png,emoji_herb.png,英文描述名称
完整图标库,12_自然天气,emoji_hibiscus.png,emoji_hibiscus.png,英文描述名称
完整图标库,12_自然天气,emoji_hot_dog.png,emoji_hot_dog.png,英文描述名称
完整图标库,12_自然天气,emoji_hot_pepper.png,emoji_hot_pepper.png,英文描述名称
完整图标库,12_自然天气,emoji_last_quarter_moon.png,emoji_last_quarter_moon.png,英文描述名称
完整图标库,12_自然天气,emoji_last_quarter_moon_with_face.png,emoji_last_quarter_moon_with_face.png,英文描述名称
完整图标库,12_自然天气,emoji_leaf_fluttering_in_wind.png,emoji_leaf_fluttering_in_wind.png,英文描述名称
完整图标库,12_自然天气,emoji_maple_leaf.png,emoji_maple_leaf.png,英文描述名称
完整图标库,12_自然天气,emoji_milky_way.png,emoji_milky_way.png,英文描述名称
完整图标库,12_自然天气,emoji_new_moon.png,emoji_new_moon.png,英文描述名称
完整图标库,12_自然天气,emoji_new_moon_with_face.png,emoji_new_moon_with_face.png,英文描述名称
完整图标库,12_自然天气,emoji_night_with_stars.png,emoji_night_with_stars.png,英文描述名称
完整图标库,12_自然天气,emoji_palm_tree.png,emoji_palm_tree.png,英文描述名称
完整图标库,12_自然天气,emoji_rainbow.png,emoji_rainbow.png,英文描述名称
完整图标库,12_自然天气,emoji_rose.png,emoji_rose.png,英文描述名称
完整图标库,12_自然天气,emoji_seedling.png,emoji_seedling.png,英文描述名称
完整图标库,12_自然天气,emoji_shooting_star.png,emoji_shooting_star.png,英文描述名称
完整图标库,12_自然天气,emoji_sun_with_face.png,emoji_sun_with_face.png,英文描述名称
完整图标库,12_自然天气,emoji_sunflower.png,emoji_sunflower.png,英文描述名称
完整图标库,12_自然天气,emoji_sunrise.png,emoji_sunrise.png,英文描述名称
完整图标库,12_自然天气,emoji_sunrise_over_mountains.png,emoji_sunrise_over_mountains.png,英文描述名称
完整图标库,12_自然天气,emoji_sunset_over_buildings.png,emoji_sunset_over_buildings.png,英文描述名称
完整图标库,12_自然天气,emoji_taco.png,emoji_taco.png,英文描述名称
完整图标库,12_自然天气,emoji_thermometer.png,emoji_thermometer.png,英文描述名称
完整图标库,12_自然天气,emoji_tulip.png,emoji_tulip.png,英文描述名称
完整图标库,12_自然天气,emoji_volcano.png,emoji_volcano.png,英文描述名称
完整图标库,12_自然天气,emoji_waning_crescent_moon.png,emoji_waning_crescent_moon.png,英文描述名称
完整图标库,12_自然天气,emoji_waning_gibbous_moon.png,emoji_waning_gibbous_moon.png,英文描述名称
完整图标库,12_自然天气,emoji_water_wave.png,emoji_water_wave.png,英文描述名称
完整图标库,12_自然天气,emoji_waxing_crescent_moon.png,emoji_waxing_crescent_moon.png,英文描述名称
完整图标库,12_自然天气,emoji_waxing_gibbous_moon.png,emoji_waxing_gibbous_moon.png,英文描述名称
完整图标库,12_自然天气,emoji_white_sun_behind_cloud.png,emoji_white_sun_behind_cloud.png,英文描述名称
完整图标库,12_自然天气,emoji_white_sun_behind_cloud_with_rain.png,emoji_white_sun_behind_cloud_with_rain.png,英文描述名称
完整图标库,12_自然天气,emoji_white_sun_with_small_cloud.png,emoji_white_sun_with_small_cloud.png,英文描述名称
完整图标库,12_自然天气,emoji_wind_blowing_face.png,emoji_wind_blowing_face.png,英文描述名称
完整图标库,13_国家地区,emoji_flag_ac.png,emoji_flag_ac.png,英文描述名称
完整图标库,13_国家地区,emoji_flag_ad.png,emoji_flag_ad.png,英文描述名称
完整图标库,13_国家地区,emoji_flag_ae.png,emoji_flag_ae.png,英文描述名称
完整图标库,13_国家地区,emoji_flag_af.png,emoji_flag_af.png,英文描述名称
完整图标库,13_国家地区,emoji_flag_ag.png,emoji_flag_ag.png,英文描述名称
完整图标库,13_国家地区,emoji_flag_ai.png,emoji_flag_ai.png,英文描述名称
完整图标库,13_国家地区,emoji_flag_al.png,emoji_flag_al.png,英文描述名称
完整图标库,13_国家地区,emoji_flag_am.png,emoji_flag_am.png,英文描述名称
完整图标库,13_国家地区,emoji_flag_ao.png,emoji_flag_ao.png,英文描述名称
完整图标库,13_国家地区,emoji_flag_aq.png,emoji_flag_aq.png,英文描述名称
完整图标库,13_国家地区,emoji_flag_ar.png,emoji_flag_ar.png,英文描述名称
完整图标库,13_国家地区,emoji_flag_as.png,emoji_flag_as.png,英文描述名称
完整图标库,13_国家地区,emoji_flag_at.png,emoji_flag_at.png,英文描述名称
完整图标库,13_国家地区,emoji_flag_au.png,emoji_flag_au.png,英文描述名称
完整图标库,13_国家地区,emoji_flag_aw.png,emoji_flag_aw.png,英文描述名称
完整图标库,13_国家地区,emoji_flag_ax.png,emoji_flag_ax.png,英文描述名称
完整图标库,13_国家地区,emoji_flag_az.png,emoji_flag_az.png,英文描述名称
完整图标库,13_国家地区,emoji_flag_ba.png,emoji_flag_ba.png,英文描述名称
完整图标库,13_国家地区,emoji_flag_bb.png,emoji_flag_bb.png,英文描述名称
完整图标库,13_国家地区,emoji_flag_bd.png,emoji_flag_bd.png,英文描述名称
完整图标库,13_国家地区,emoji_flag_be.png,emoji_flag_be.png,英文描述名称
完整图标库,13_国家地区,emoji_flag_bf.png,emoji_flag_bf.png,英文描述名称
完整图标库,13_国家地区,emoji_flag_bg.png,emoji_flag_bg.png,英文描述名称
完整图标库,13_国家地区,emoji_flag_bh.png,emoji_flag_bh.png,英文描述名称
完整图标库,13_国家地区,emoji_flag_bi.png,emoji_flag_bi.png,英文描述名称
完整图标库,13_国家地区,emoji_flag_bj.png,emoji_flag_bj.png,英文描述名称
完整图标库,13_国家地区,emoji_flag_bm.png,emoji_flag_bm.png,英文描述名称
完整图标库,13_国家地区,emoji_flag_bn.png,emoji_flag_bn.png,英文描述名称
完整图标库,13_国家地区,emoji_flag_bo.png,emoji_flag_bo.png,英文描述名称
完整图标库,13_国家地区,emoji_flag_br.png,emoji_flag_br.png,英文描述名称
完整图标库,13_国家地区,emoji_flag_bs.png,emoji_flag_bs.png,英文描述名称
完整图标库,13_国家地区,emoji_flag_bt.png,emoji_flag_bt.png,英文描述名称
完整图标库,13_国家地区,emoji_flag_bw.png,emoji_flag_bw.png,英文描述名称
完整图标库,13_国家地区,emoji_flag_by.png,emoji_flag_by.png,英文描述名称
完整图标库,13_国家地区,emoji_flag_bz.png,emoji_flag_bz.png,英文描述名称
完整图标库,13_国家地区,emoji_flag_ca.png,emoji_flag_ca.png,英文描述名称
完整图标库,13_国家地区,emoji_flag_cc.png,emoji_flag_cc.png,英文描述名称
完整图标库,13_国家地区,emoji_flag_cd.png,emoji_flag_cd.png,英文描述名称
完整图标库,13_国家地区,emoji_flag_cf.png,emoji_flag_cf.png,英文描述名称
完整图标库,13_国家地区,emoji_flag_cg.png,emoji_flag_cg.png,英文描述名称
完整图标库,13_国家地区,emoji_flag_ch.png,emoji_flag_ch.png,英文描述名称
完整图标库,13_国家地区,emoji_flag_ci.png,emoji_flag_ci.png,英文描述名称
完整图标库,13_国家地区,emoji_flag_ck.png,emoji_flag_ck.png,英文描述名称
完整图标库,13_国家地区,emoji_flag_cl.png,emoji_flag_cl.png,英文描述名称
完整图标库,13_国家地区,emoji_flag_cm.png,emoji_flag_cm.png,英文描述名称
完整图标库,13_国家地区,emoji_flag_cn.png,emoji_flag_cn.png,英文描述名称
完整图标库,13_国家地区,emoji_flag_co.png,emoji_flag_co.png,英文描述名称
完整图标库,13_国家地区,emoji_flag_cr.png,emoji_flag_cr.png,英文描述名称
完整图标库,13_国家地区,emoji_flag_cu.png,emoji_flag_cu.png,英文描述名称
完整图标库,13_国家地区,emoji_flag_cv.png,emoji_flag_cv.png,英文描述名称
完整图标库,13_国家地区,emoji_flag_cw.png,emoji_flag_cw.png,英文描述名称
完整图标库,13_国家地区,emoji_flag_cx.png,emoji_flag_cx.png,英文描述名称
完整图标库,13_国家地区,emoji_flag_cy.png,emoji_flag_cy.png,英文描述名称
完整图标库,13_国家地区,emoji_flag_cz.png,emoji_flag_cz.png,英文描述名称
完整图标库,13_国家地区,emoji_flag_de.png,emoji_flag_de.png,英文描述名称
完整图标库,13_国家地区,emoji_flag_dj.png,emoji_flag_dj.png,英文描述名称
完整图标库,13_国家地区,emoji_flag_dk.png,emoji_flag_dk.png,英文描述名称
完整图标库,13_国家地区,emoji_flag_dm.png,emoji_flag_dm.png,英文描述名称
完整图标库,13_国家地区,emoji_flag_do.png,emoji_flag_do.png,英文描述名称
完整图标库,13_国家地区,emoji_flag_dz.png,emoji_flag_dz.png,英文描述名称
完整图标库,13_国家地区,emoji_flag_ec.png,emoji_flag_ec.png,英文描述名称
完整图标库,13_国家地区,emoji_flag_ee.png,emoji_flag_ee.png,英文描述名称
完整图标库,13_国家地区,emoji_flag_eg.png,emoji_flag_eg.png,英文描述名称
完整图标库,13_国家地区,emoji_flag_eh.png,emoji_flag_eh.png,英文描述名称
完整图标库,13_国家地区,emoji_flag_er.png,emoji_flag_er.png,英文描述名称
完整图标库,13_国家地区,emoji_flag_es.png,emoji_flag_es.png,英文描述名称
完整图标库,13_国家地区,emoji_flag_et.png,emoji_flag_et.png,英文描述名称
完整图标库,13_国家地区,emoji_flag_eu.png,emoji_flag_eu.png,英文描述名称
完整图标库,13_国家地区,emoji_flag_fi.png,emoji_flag_fi.png,英文描述名称
完整图标库,13_国家地区,emoji_flag_fj.png,emoji_flag_fj.png,英文描述名称
完整图标库,13_国家地区,emoji_flag_fk.png,emoji_flag_fk.png,英文描述名称
完整图标库,13_国家地区,emoji_flag_fm.png,emoji_flag_fm.png,英文描述名称
完整图标库,13_国家地区,emoji_flag_fo.png,emoji_flag_fo.png,英文描述名称
完整图标库,13_国家地区,emoji_flag_fr.png,emoji_flag_fr.png,英文描述名称
完整图标库,13_国家地区,emoji_flag_ga.png,emoji_flag_ga.png,英文描述名称
完整图标库,13_国家地区,emoji_flag_gb.png,emoji_flag_gb.png,英文描述名称
完整图标库,13_国家地区,emoji_flag_gbeng.png,emoji_flag_gbeng.png,英文描述名称
完整图标库,13_国家地区,emoji_flag_gbsct.png,emoji_flag_gbsct.png,英文描述名称
完整图标库,13_国家地区,emoji_flag_gbwls.png,emoji_flag_gbwls.png,英文描述名称
完整图标库,13_国家地区,emoji_flag_gd.png,emoji_flag_gd.png,英文描述名称
完整图标库,13_国家地区,emoji_flag_ge.png,emoji_flag_ge.png,英文描述名称
完整图标库,13_国家地区,emoji_flag_gf.png,emoji_flag_gf.png,英文描述名称
完整图标库,13_国家地区,emoji_flag_gg.png,emoji_flag_gg.png,英文描述名称
完整图标库,13_国家地区,emoji_flag_gh.png,emoji_flag_gh.png,英文描述名称
完整图标库,13_国家地区,emoji_flag_gi.png,emoji_flag_gi.png,英文描述名称
完整图标库,13_国家地区,emoji_flag_gl.png,emoji_flag_gl.png,英文描述名称
完整图标库,13_国家地区,emoji_flag_gm.png,emoji_flag_gm.png,英文描述名称
完整图标库,13_国家地区,emoji_flag_gn.png,emoji_flag_gn.png,英文描述名称
完整图标库,13_国家地区,emoji_flag_gp.png,emoji_flag_gp.png,英文描述名称
完整图标库,13_国家地区,emoji_flag_gq.png,emoji_flag_gq.png,英文描述名称
完整图标库,13_国家地区,emoji_flag_gr.png,emoji_flag_gr.png,英文描述名称
完整图标库,13_国家地区,emoji_flag_gs.png,emoji_flag_gs.png,英文描述名称
完整图标库,13_国家地区,emoji_flag_gt.png,emoji_flag_gt.png,英文描述名称
完整图标库,13_国家地区,emoji_flag_gu.png,emoji_flag_gu.png,英文描述名称
完整图标库,13_国家地区,emoji_flag_gw.png,emoji_flag_gw.png,英文描述名称
完整图标库,13_国家地区,emoji_flag_gy.png,emoji_flag_gy.png,英文描述名称
完整图标库,13_国家地区,emoji_flag_hk.png,emoji_flag_hk.png,英文描述名称
完整图标库,13_国家地区,emoji_flag_hn.png,emoji_flag_hn.png,英文描述名称
完整图标库,13_国家地区,emoji_flag_hr.png,emoji_flag_hr.png,英文描述名称
完整图标库,13_国家地区,emoji_flag_ht.png,emoji_flag_ht.png,英文描述名称
完整图标库,13_国家地区,emoji_flag_hu.png,emoji_flag_hu.png,英文描述名称
完整图标库,13_国家地区,emoji_flag_ic.png,emoji_flag_ic.png,英文描述名称
完整图标库,13_国家地区,emoji_flag_id.png,emoji_flag_id.png,英文描述名称
完整图标库,13_国家地区,emoji_flag_ie.png,emoji_flag_ie.png,英文描述名称
完整图标库,13_国家地区,emoji_flag_il.png,emoji_flag_il.png,英文描述名称
完整图标库,13_国家地区,emoji_flag_im.png,emoji_flag_im.png,英文描述名称
完整图标库,13_国家地区,emoji_flag_in.png,emoji_flag_in.png,英文描述名称
完整图标库,13_国家地区,emoji_flag_io.png,emoji_flag_io.png,英文描述名称
完整图标库,13_国家地区,emoji_flag_iq.png,emoji_flag_iq.png,英文描述名称
完整图标库,13_国家地区,emoji_flag_ir.png,emoji_flag_ir.png,英文描述名称
完整图标库,13_国家地区,emoji_flag_is.png,emoji_flag_is.png,英文描述名称
完整图标库,13_国家地区,emoji_flag_it.png,emoji_flag_it.png,英文描述名称
完整图标库,13_国家地区,emoji_flag_je.png,emoji_flag_je.png,英文描述名称
完整图标库,13_国家地区,emoji_flag_jm.png,emoji_flag_jm.png,英文描述名称
完整图标库,13_国家地区,emoji_flag_jo.png,emoji_flag_jo.png,英文描述名称
完整图标库,13_国家地区,emoji_flag_jp.png,emoji_flag_jp.png,英文描述名称
完整图标库,13_国家地区,emoji_flag_ke.png,emoji_flag_ke.png,英文描述名称
完整图标库,13_国家地区,emoji_flag_kg.png,emoji_flag_kg.png,英文描述名称
完整图标库,13_国家地区,emoji_flag_kh.png,emoji_flag_kh.png,英文描述名称
完整图标库,13_国家地区,emoji_flag_ki.png,emoji_flag_ki.png,英文描述名称
完整图标库,13_国家地区,emoji_flag_km.png,emoji_flag_km.png,英文描述名称
完整图标库,13_国家地区,emoji_flag_kn.png,emoji_flag_kn.png,英文描述名称
完整图标库,13_国家地区,emoji_flag_kp.png,emoji_flag_kp.png,英文描述名称
完整图标库,13_国家地区,emoji_flag_kr.png,emoji_flag_kr.png,英文描述名称
完整图标库,13_国家地区,emoji_flag_kw.png,emoji_flag_kw.png,英文描述名称
完整图标库,13_国家地区,emoji_flag_ky.png,emoji_flag_ky.png,英文描述名称
完整图标库,13_国家地区,emoji_flag_kz.png,emoji_flag_kz.png,英文描述名称
完整图标库,13_国家地区,emoji_flag_la.png,emoji_flag_la.png,英文描述名称
完整图标库,13_国家地区,emoji_flag_lb.png,emoji_flag_lb.png,英文描述名称
完整图标库,13_国家地区,emoji_flag_lc.png,emoji_flag_lc.png,英文描述名称
完整图标库,13_国家地区,emoji_flag_li.png,emoji_flag_li.png,英文描述名称
完整图标库,13_国家地区,emoji_flag_lk.png,emoji_flag_lk.png,英文描述名称
完整图标库,13_国家地区,emoji_flag_lr.png,emoji_flag_lr.png,英文描述名称
完整图标库,13_国家地区,emoji_flag_ls.png,emoji_flag_ls.png,英文描述名称
完整图标库,13_国家地区,emoji_flag_lt.png,emoji_flag_lt.png,英文描述名称
完整图标库,13_国家地区,emoji_flag_lu.png,emoji_flag_lu.png,英文描述名称
完整图标库,13_国家地区,emoji_flag_lv.png,emoji_flag_lv.png,英文描述名称
完整图标库,13_国家地区,emoji_flag_ly.png,emoji_flag_ly.png,英文描述名称
完整图标库,13_国家地区,emoji_flag_ma.png,emoji_flag_ma.png,英文描述名称
完整图标库,13_国家地区,emoji_flag_mc.png,emoji_flag_mc.png,英文描述名称
完整图标库,13_国家地区,emoji_flag_md.png,emoji_flag_md.png,英文描述名称
完整图标库,13_国家地区,emoji_flag_me.png,emoji_flag_me.png,英文描述名称
完整图标库,13_国家地区,emoji_flag_mg.png,emoji_flag_mg.png,英文描述名称
完整图标库,13_国家地区,emoji_flag_mh.png,emoji_flag_mh.png,英文描述名称
完整图标库,13_国家地区,emoji_flag_mk.png,emoji_flag_mk.png,英文描述名称
完整图标库,13_国家地区,emoji_flag_ml.png,emoji_flag_ml.png,英文描述名称
完整图标库,13_国家地区,emoji_flag_mm.png,emoji_flag_mm.png,英文描述名称
完整图标库,13_国家地区,emoji_flag_mn.png,emoji_flag_mn.png,英文描述名称
完整图标库,13_国家地区,emoji_flag_mo.png,emoji_flag_mo.png,英文描述名称
完整图标库,13_国家地区,emoji_flag_mp.png,emoji_flag_mp.png,英文描述名称
完整图标库,13_国家地区,emoji_flag_mq.png,emoji_flag_mq.png,英文描述名称
完整图标库,13_国家地区,emoji_flag_mr.png,emoji_flag_mr.png,英文描述名称
完整图标库,13_国家地区,emoji_flag_ms.png,emoji_flag_ms.png,英文描述名称
完整图标库,13_国家地区,emoji_flag_mt.png,emoji_flag_mt.png,英文描述名称
完整图标库,13_国家地区,emoji_flag_mu.png,emoji_flag_mu.png,英文描述名称
完整图标库,13_国家地区,emoji_flag_mv.png,emoji_flag_mv.png,英文描述名称
完整图标库,13_国家地区,emoji_flag_mw.png,emoji_flag_mw.png,英文描述名称
完整图标库,13_国家地区,emoji_flag_mx.png,emoji_flag_mx.png,英文描述名称
完整图标库,13_国家地区,emoji_flag_my.png,emoji_flag_my.png,英文描述名称
完整图标库,13_国家地区,emoji_flag_mz.png,emoji_flag_mz.png,英文描述名称
完整图标库,13_国家地区,emoji_flag_na.png,emoji_flag_na.png,英文描述名称
完整图标库,13_国家地区,emoji_flag_nc.png,emoji_flag_nc.png,英文描述名称
完整图标库,13_国家地区,emoji_flag_ne.png,emoji_flag_ne.png,英文描述名称
完整图标库,13_国家地区,emoji_flag_nf.png,emoji_flag_nf.png,英文描述名称
完整图标库,13_国家地区,emoji_flag_ng.png,emoji_flag_ng.png,英文描述名称
完整图标库,13_国家地区,emoji_flag_ni.png,emoji_flag_ni.png,英文描述名称
完整图标库,13_国家地区,emoji_flag_nl.png,emoji_flag_nl.png,英文描述名称
完整图标库,13_国家地区,emoji_flag_no.png,emoji_flag_no.png,英文描述名称
完整图标库,13_国家地区,emoji_flag_np.png,emoji_flag_np.png,英文描述名称
完整图标库,13_国家地区,emoji_flag_nr.png,emoji_flag_nr.png,英文描述名称
完整图标库,13_国家地区,emoji_flag_nu.png,emoji_flag_nu.png,英文描述名称
完整图标库,13_国家地区,emoji_flag_nz.png,emoji_flag_nz.png,英文描述名称
完整图标库,13_国家地区,emoji_flag_om.png,emoji_flag_om.png,英文描述名称
完整图标库,13_国家地区,emoji_flag_pa.png,emoji_flag_pa.png,英文描述名称
完整图标库,13_国家地区,emoji_flag_pe.png,emoji_flag_pe.png,英文描述名称
完整图标库,13_国家地区,emoji_flag_pf.png,emoji_flag_pf.png,英文描述名称
完整图标库,13_国家地区,emoji_flag_pg.png,emoji_flag_pg.png,英文描述名称
完整图标库,13_国家地区,emoji_flag_ph.png,emoji_flag_ph.png,英文描述名称
完整图标库,13_国家地区,emoji_flag_pk.png,emoji_flag_pk.png,英文描述名称
完整图标库,13_国家地区,emoji_flag_pl.png,emoji_flag_pl.png,英文描述名称
完整图标库,13_国家地区,emoji_flag_pm.png,emoji_flag_pm.png,英文描述名称
完整图标库,13_国家地区,emoji_flag_pn.png,emoji_flag_pn.png,英文描述名称
完整图标库,13_国家地区,emoji_flag_pr.png,emoji_flag_pr.png,英文描述名称
完整图标库,13_国家地区,emoji_flag_ps.png,emoji_flag_ps.png,英文描述名称
完整图标库,13_国家地区,emoji_flag_pt.png,emoji_flag_pt.png,英文描述名称
完整图标库,13_国家地区,emoji_flag_pw.png,emoji_flag_pw.png,英文描述名称
完整图标库,13_国家地区,emoji_flag_py.png,emoji_flag_py.png,英文描述名称
完整图标库,13_国家地区,emoji_flag_qa.png,emoji_flag_qa.png,英文描述名称
完整图标库,13_国家地区,emoji_flag_ro.png,emoji_flag_ro.png,英文描述名称
完整图标库,13_国家地区,emoji_flag_rs.png,emoji_flag_rs.png,英文描述名称
完整图标库,13_国家地区,emoji_flag_ru.png,emoji_flag_ru.png,英文描述名称
完整图标库,13_国家地区,emoji_flag_rw.png,emoji_flag_rw.png,英文描述名称
完整图标库,13_国家地区,emoji_flag_sa.png,emoji_flag_sa.png,英文描述名称
完整图标库,13_国家地区,emoji_flag_sb.png,emoji_flag_sb.png,英文描述名称
完整图标库,13_国家地区,emoji_flag_sc.png,emoji_flag_sc.png,英文描述名称
完整图标库,13_国家地区,emoji_flag_sd.png,emoji_flag_sd.png,英文描述名称
完整图标库,13_国家地区,emoji_flag_se.png,emoji_flag_se.png,英文描述名称
完整图标库,13_国家地区,emoji_flag_sg.png,emoji_flag_sg.png,英文描述名称
完整图标库,13_国家地区,emoji_flag_sh.png,emoji_flag_sh.png,英文描述名称
完整图标库,13_国家地区,emoji_flag_si.png,emoji_flag_si.png,英文描述名称
完整图标库,13_国家地区,emoji_flag_sk.png,emoji_flag_sk.png,英文描述名称
完整图标库,13_国家地区,emoji_flag_sl.png,emoji_flag_sl.png,英文描述名称
完整图标库,13_国家地区,emoji_flag_sm.png,emoji_flag_sm.png,英文描述名称
完整图标库,13_国家地区,emoji_flag_sn.png,emoji_flag_sn.png,英文描述名称
完整图标库,13_国家地区,emoji_flag_so.png,emoji_flag_so.png,英文描述名称
完整图标库,13_国家地区,emoji_flag_sr.png,emoji_flag_sr.png,英文描述名称
完整图标库,13_国家地区,emoji_flag_ss.png,emoji_flag_ss.png,英文描述名称
完整图标库,13_国家地区,emoji_flag_st.png,emoji_flag_st.png,英文描述名称
完整图标库,13_国家地区,emoji_flag_sv.png,emoji_flag_sv.png,英文描述名称
完整图标库,13_国家地区,emoji_flag_sx.png,emoji_flag_sx.png,英文描述名称
完整图标库,13_国家地区,emoji_flag_sy.png,emoji_flag_sy.png,英文描述名称
完整图标库,13_国家地区,emoji_flag_sz.png,emoji_flag_sz.png,英文描述名称
完整图标库,13_国家地区,emoji_flag_ta.png,emoji_flag_ta.png,英文描述名称
完整图标库,13_国家地区,emoji_flag_tc.png,emoji_flag_tc.png,英文描述名称
完整图标库,13_国家地区,emoji_flag_tg.png,emoji_flag_tg.png,英文描述名称
完整图标库,13_国家地区,emoji_flag_th.png,emoji_flag_th.png,英文描述名称
完整图标库,13_国家地区,emoji_flag_tj.png,emoji_flag_tj.png,英文描述名称
完整图标库,13_国家地区,emoji_flag_tk.png,emoji_flag_tk.png,英文描述名称
完整图标库,13_国家地区,emoji_flag_tl.png,emoji_flag_tl.png,英文描述名称
完整图标库,13_国家地区,emoji_flag_tm.png,emoji_flag_tm.png,英文描述名称
完整图标库,13_国家地区,emoji_flag_tn.png,emoji_flag_tn.png,英文描述名称
完整图标库,13_国家地区,emoji_flag_to.png,emoji_flag_to.png,英文描述名称
完整图标库,13_国家地区,emoji_flag_tr.png,emoji_flag_tr.png,英文描述名称
完整图标库,13_国家地区,emoji_flag_tt.png,emoji_flag_tt.png,英文描述名称
完整图标库,13_国家地区,emoji_flag_tv.png,emoji_flag_tv.png,英文描述名称
完整图标库,13_国家地区,emoji_flag_tw.png,emoji_flag_tw.png,英文描述名称
完整图标库,13_国家地区,emoji_flag_tz.png,emoji_flag_tz.png,英文描述名称
完整图标库,13_国家地区,emoji_flag_ua.png,emoji_flag_ua.png,英文描述名称
完整图标库,13_国家地区,emoji_flag_ug.png,emoji_flag_ug.png,英文描述名称
完整图标库,13_国家地区,emoji_flag_un.png,emoji_flag_un.png,英文描述名称
完整图标库,13_国家地区,emoji_flag_us.png,emoji_flag_us.png,英文描述名称
完整图标库,13_国家地区,emoji_flag_uy.png,emoji_flag_uy.png,英文描述名称
完整图标库,13_国家地区,emoji_flag_uz.png,emoji_flag_uz.png,英文描述名称
完整图标库,13_国家地区,emoji_flag_va.png,emoji_flag_va.png,英文描述名称
完整图标库,13_国家地区,emoji_flag_vc.png,emoji_flag_vc.png,英文描述名称
完整图标库,13_国家地区,emoji_flag_ve.png,emoji_flag_ve.png,英文描述名称
完整图标库,13_国家地区,emoji_flag_vg.png,emoji_flag_vg.png,英文描述名称
完整图标库,13_国家地区,emoji_flag_vi.png,emoji_flag_vi.png,英文描述名称
完整图标库,13_国家地区,emoji_flag_vn.png,emoji_flag_vn.png,英文描述名称
完整图标库,13_国家地区,emoji_flag_vu.png,emoji_flag_vu.png,英文描述名称
完整图标库,13_国家地区,emoji_flag_wf.png,emoji_flag_wf.png,英文描述名称
完整图标库,13_国家地区,emoji_flag_ws.png,emoji_flag_ws.png,英文描述名称
完整图标库,13_国家地区,emoji_flag_xk.png,emoji_flag_xk.png,英文描述名称
完整图标库,13_国家地区,emoji_flag_ye.png,emoji_flag_ye.png,英文描述名称
完整图标库,13_国家地区,emoji_flag_yt.png,emoji_flag_yt.png,英文描述名称
完整图标库,13_国家地区,emoji_flag_za.png,emoji_flag_za.png,英文描述名称
完整图标库,13_国家地区,emoji_flag_zm.png,emoji_flag_zm.png,英文描述名称
完整图标库,13_国家地区,emoji_flag_zw.png,emoji_flag_zw.png,英文描述名称
完整图标库,13_国家地区,emoji_waving_black_flag.png,emoji_waving_black_flag.png,英文描述名称
完整图标库,13_国家地区,emoji_waving_black_flag_skull_and_crossbones.png,emoji_waving_black_flag_skull_and_crossbones.png,英文描述名称
完整图标库,13_国家地区,emoji_waving_white_flag.png,emoji_waving_white_flag.png,英文描述名称
完整图标库,13_国家地区,emoji_waving_white_flag_male_with_stroke_and_male_and_female.png,emoji_waving_white_flag_male_with_stroke_and_male_and_female.png,英文描述名称
完整图标库,13_国家地区,emoji_waving_white_flag_rainbow.png,emoji_waving_white_flag_rainbow.png,英文描述名称
完整图标库,14_宠物动物,emoji_ant.png,emoji_ant.png,英文描述名称
完整图标库,14_宠物动物,emoji_baby_chick.png,emoji_baby_chick.png,英文描述名称
完整图标库,14_宠物动物,emoji_bactrian_camel.png,emoji_bactrian_camel.png,英文描述名称
完整图标库,14_宠物动物,emoji_bear_face.png,emoji_bear_face.png,英文描述名称
完整图标库,14_宠物动物,emoji_bear_face_snowflake.png,emoji_bear_face_snowflake.png,英文描述名称
完整图标库,14_宠物动物,emoji_bird.png,emoji_bird.png,英文描述名称
完整图标库,14_宠物动物,emoji_bird_black_large_square.png,emoji_bird_black_large_square.png,英文描述名称
完整图标库,14_宠物动物,emoji_blowfish.png,emoji_blowfish.png,英文描述名称
完整图标库,14_宠物动物,emoji_boar.png,emoji_boar.png,英文描述名称
完整图标库,14_宠物动物,emoji_bug.png,emoji_bug.png,英文描述名称
完整图标库,14_宠物动物,emoji_cat.png,emoji_cat.png,英文描述名称
完整图标库,14_宠物动物,emoji_cat_black_large_square.png,emoji_cat_black_large_square.png,英文描述名称
完整图标库,14_宠物动物,emoji_cat_face.png,emoji_cat_face.png,英文描述名称
完整图标库,14_宠物动物,emoji_chicken.png,emoji_chicken.png,英文描述名称
完整图标库,14_宠物动物,emoji_chipmunk.png,emoji_chipmunk.png,英文描述名称
完整图标库,14_宠物动物,emoji_cow.png,emoji_cow.png,英文描述名称
完整图标库,14_宠物动物,emoji_cow_face.png,emoji_cow_face.png,英文描述名称
完整图标库,14_宠物动物,emoji_crocodile.png,emoji_crocodile.png,英文描述名称
完整图标库,14_宠物动物,emoji_dog.png,emoji_dog.png,英文描述名称
完整图标库,14_宠物动物,emoji_dog_face.png,emoji_dog_face.png,英文描述名称
完整图标库,14_宠物动物,emoji_dog_safety_vest.png,emoji_dog_safety_vest.png,英文描述名称
完整图标库,14_宠物动物,emoji_dolphin.png,emoji_dolphin.png,英文描述名称
完整图标库,14_宠物动物,emoji_dragon.png,emoji_dragon.png,英文描述名称
完整图标库,14_宠物动物,emoji_dragon_face.png,emoji_dragon_face.png,英文描述名称
完整图标库,14_宠物动物,emoji_dromedary_camel.png,emoji_dromedary_camel.png,英文描述名称
完整图标库,14_宠物动物,emoji_elephant.png,emoji_elephant.png,英文描述名称
完整图标库,14_宠物动物,emoji_fish.png,emoji_fish.png,英文描述名称
完整图标库,14_宠物动物,emoji_frog_face.png,emoji_frog_face.png,英文描述名称
完整图标库,14_宠物动物,emoji_front_facing_baby_chick.png,emoji_front_facing_baby_chick.png,英文描述名称
完整图标库,14_宠物动物,emoji_goat.png,emoji_goat.png,英文描述名称
完整图标库,14_宠物动物,emoji_hamster_face.png,emoji_hamster_face.png,英文描述名称
完整图标库,14_宠物动物,emoji_hatching_chick.png,emoji_hatching_chick.png,英文描述名称
完整图标库,14_宠物动物,emoji_honeybee.png,emoji_honeybee.png,英文描述名称
完整图标库,14_宠物动物,emoji_horse.png,emoji_horse.png,英文描述名称
完整图标库,14_宠物动物,emoji_horse_face.png,emoji_horse_face.png,英文描述名称
完整图标库,14_宠物动物,emoji_koala.png,emoji_koala.png,英文描述名称
完整图标库,14_宠物动物,emoji_lady_beetle.png,emoji_lady_beetle.png,英文描述名称
完整图标库,14_宠物动物,emoji_leopard.png,emoji_leopard.png,英文描述名称
完整图标库,14_宠物动物,emoji_monkey.png,emoji_monkey.png,英文描述名称
完整图标库,14_宠物动物,emoji_monkey_face.png,emoji_monkey_face.png,英文描述名称
完整图标库,14_宠物动物,emoji_mouse.png,emoji_mouse.png,英文描述名称
完整图标库,14_宠物动物,emoji_mouse_face.png,emoji_mouse_face.png,英文描述名称
完整图标库,14_宠物动物,emoji_octopus.png,emoji_octopus.png,英文描述名称
完整图标库,14_宠物动物,emoji_ox.png,emoji_ox.png,英文描述名称
完整图标库,14_宠物动物,emoji_panda_face.png,emoji_panda_face.png,英文描述名称
完整图标库,14_宠物动物,emoji_paw_prints.png,emoji_paw_prints.png,英文描述名称
完整图标库,14_宠物动物,emoji_penguin.png,emoji_penguin.png,英文描述名称
完整图标库,14_宠物动物,emoji_pet_grooming.png,emoji_pet_grooming.png,英文描述名称
完整图标库,14_宠物动物,emoji_pig.png,emoji_pig.png,英文描述名称
完整图标库,14_宠物动物,emoji_pig_face.png,emoji_pig_face.png,英文描述名称
完整图标库,14_宠物动物,emoji_pig_nose.png,emoji_pig_nose.png,英文描述名称
完整图标库,14_宠物动物,emoji_poodle.png,emoji_poodle.png,英文描述名称
完整图标库,14_宠物动物,emoji_rabbit.png,emoji_rabbit.png,英文描述名称
完整图标库,14_宠物动物,emoji_rabbit_face.png,emoji_rabbit_face.png,英文描述名称
完整图标库,14_宠物动物,emoji_ram.png,emoji_ram.png,英文描述名称
完整图标库,14_宠物动物,emoji_rat.png,emoji_rat.png,英文描述名称
完整图标库,14_宠物动物,emoji_rooster.png,emoji_rooster.png,英文描述名称
完整图标库,14_宠物动物,emoji_sheep.png,emoji_sheep.png,英文描述名称
完整图标库,14_宠物动物,emoji_snail.png,emoji_snail.png,英文描述名称
完整图标库,14_宠物动物,emoji_snake.png,emoji_snake.png,英文描述名称
完整图标库,14_宠物动物,emoji_spiral_shell.png,emoji_spiral_shell.png,英文描述名称
完整图标库,14_宠物动物,emoji_spouting_whale.png,emoji_spouting_whale.png,英文描述名称
完整图标库,14_宠物动物,emoji_tiger.png,emoji_tiger.png,英文描述名称
完整图标库,14_宠物动物,emoji_tiger_face.png,emoji_tiger_face.png,英文描述名称
完整图标库,14_宠物动物,emoji_tropical_fish.png,emoji_tropical_fish.png,英文描述名称
完整图标库,14_宠物动物,emoji_turtle.png,emoji_turtle.png,英文描述名称
完整图标库,14_宠物动物,emoji_water_buffalo.png,emoji_water_buffalo.png,英文描述名称
完整图标库,14_宠物动物,emoji_whale.png,emoji_whale.png,英文描述名称
完整图标库,14_宠物动物,emoji_wolf_face.png,emoji_wolf_face.png,英文描述名称
完整图标库,15_身体手势,emoji_clapping_hands_1.png,emoji_clapping_hands_1.png,英文描述名称
完整图标库,15_身体手势,emoji_clapping_hands_2.png,emoji_clapping_hands_2.png,英文描述名称
完整图标库,15_身体手势,emoji_fisted_hand_1.png,emoji_fisted_hand_1.png,英文描述名称
完整图标库,15_身体手势,emoji_fisted_hand_2.png,emoji_fisted_hand_2.png,英文描述名称
完整图标库,15_身体手势,emoji_ok_hand_1.png,emoji_ok_hand_1.png,英文描述名称
完整图标库,15_身体手势,emoji_ok_hand_2.png,emoji_ok_hand_2.png,英文描述名称
完整图标库,15_身体手势,emoji_open_hands_1.png,emoji_open_hands_1.png,英文描述名称
完整图标库,15_身体手势,emoji_open_hands_2.png,emoji_open_hands_2.png,英文描述名称
完整图标库,15_身体手势,emoji_pointing_down_1.png,emoji_pointing_down_1.png,英文描述名称
完整图标库,15_身体手势,emoji_pointing_down_2.png,emoji_pointing_down_2.png,英文描述名称
完整图标库,15_身体手势,emoji_pointing_left_1.png,emoji_pointing_left_1.png,英文描述名称
完整图标库,15_身体手势,emoji_pointing_left_2.png,emoji_pointing_left_2.png,英文描述名称
完整图标库,15_身体手势,emoji_pointing_right_1.png,emoji_pointing_right_1.png,英文描述名称
完整图标库,15_身体手势,emoji_pointing_right_2.png,emoji_pointing_right_2.png,英文描述名称
完整图标库,15_身体手势,emoji_pointing_up_1.png,emoji_pointing_up_1.png,英文描述名称
完整图标库,15_身体手势,emoji_pointing_up_2.png,emoji_pointing_up_2.png,英文描述名称
完整图标库,15_身体手势,emoji_thumbs_down_1.png,emoji_thumbs_down_1.png,英文描述名称
完整图标库,15_身体手势,emoji_thumbs_down_2.png,emoji_thumbs_down_2.png,英文描述名称
完整图标库,15_身体手势,emoji_thumbs_up_1.png,emoji_thumbs_up_1.png,英文描述名称
完整图标库,15_身体手势,emoji_thumbs_up_2.png,emoji_thumbs_up_2.png,英文描述名称
完整图标库,15_身体手势,emoji_waving_hand_1.png,emoji_waving_hand_1.png,英文描述名称
完整图标库,15_身体手势,emoji_waving_hand_2.png,emoji_waving_hand_2.png,英文描述名称
完整图标库,16_数字标识,emoji_keycap_0.png,emoji_keycap_0.png,英文描述名称
完整图标库,16_数字标识,emoji_keycap_1.png,emoji_keycap_1.png,英文描述名称
完整图标库,16_数字标识,emoji_keycap_2.png,emoji_keycap_2.png,英文描述名称
完整图标库,16_数字标识,emoji_keycap_3.png,emoji_keycap_3.png,英文描述名称
完整图标库,16_数字标识,emoji_keycap_4.png,emoji_keycap_4.png,英文描述名称
完整图标库,16_数字标识,emoji_keycap_5.png,emoji_keycap_5.png,英文描述名称
完整图标库,16_数字标识,emoji_keycap_6.png,emoji_keycap_6.png,英文描述名称
完整图标库,16_数字标识,emoji_keycap_7.png,emoji_keycap_7.png,英文描述名称
完整图标库,16_数字标识,emoji_keycap_8.png,emoji_keycap_8.png,英文描述名称
完整图标库,16_数字标识,emoji_keycap_9.png,emoji_keycap_9.png,英文描述名称
完整图标库,16_数字标识,emoji_keycap_asterisk.png,emoji_keycap_asterisk.png,英文描述名称
完整图标库,16_数字标识,emoji_keycap_hash.png,emoji_keycap_hash.png,英文描述名称
完整图标库,16_数字标识,emoji_negative_squared_ab.png,emoji_negative_squared_ab.png,英文描述名称
完整图标库,16_数字标识,emoji_negative_squared_latin_capital_letter_a.png,emoji_negative_squared_latin_capital_letter_a.png,英文描述名称
完整图标库,16_数字标识,emoji_negative_squared_latin_capital_letter_b.png,emoji_negative_squared_latin_capital_letter_b.png,英文描述名称
完整图标库,16_数字标识,emoji_negative_squared_latin_capital_letter_o.png,emoji_negative_squared_latin_capital_letter_o.png,英文描述名称
完整图标库,16_数字标识,emoji_negative_squared_latin_capital_letter_p.png,emoji_negative_squared_latin_capital_letter_p.png,英文描述名称
完整图标库,16_数字标识,emoji_squared_cjk_unified_ideograph_7121.png,emoji_squared_cjk_unified_ideograph_7121.png,英文描述名称
完整图标库,16_数字标识,emoji_squared_cjk_unified_ideograph_7981.png,emoji_squared_cjk_unified_ideograph_7981.png,英文描述名称
完整图标库,16_数字标识,emoji_squared_cjk_unified_ideograph_7a7a.png,emoji_squared_cjk_unified_ideograph_7a7a.png,英文描述名称
完整图标库,16_数字标识,emoji_squared_cl.png,emoji_squared_cl.png,英文描述名称
完整图标库,16_数字标识,emoji_squared_cool.png,emoji_squared_cool.png,英文描述名称
完整图标库,16_数字标识,emoji_squared_free.png,emoji_squared_free.png,英文描述名称
完整图标库,16_数字标识,emoji_squared_id.png,emoji_squared_id.png,英文描述名称
完整图标库,16_数字标识,emoji_squared_new.png,emoji_squared_new.png,英文描述名称
完整图标库,16_数字标识,emoji_squared_ng.png,emoji_squared_ng.png,英文描述名称
完整图标库,16_数字标识,emoji_squared_ok.png,emoji_squared_ok.png,英文描述名称
完整图标库,16_数字标识,emoji_squared_sos.png,emoji_squared_sos.png,英文描述名称
完整图标库,16_数字标识,emoji_squared_up_with_exclamation_mark.png,emoji_squared_up_with_exclamation_mark.png,英文描述名称
完整图标库,16_数字标识,emoji_squared_vs.png,emoji_squared_vs.png,英文描述名称
完整图标库,17_节日庆典,emoji_balloon.png,emoji_balloon.png,英文描述名称
完整图标库,17_节日庆典,emoji_carp_streamer.png,emoji_carp_streamer.png,英文描述名称
完整图标库,17_节日庆典,emoji_christmas_tree.png,emoji_christmas_tree.png,英文描述名称
完整图标库,17_节日庆典,emoji_confetti_ball.png,emoji_confetti_ball.png,英文描述名称
完整图标库,17_节日庆典,emoji_crossed_flags.png,emoji_crossed_flags.png,英文描述名称
完整图标库,17_节日庆典,emoji_father_christmas_1.png,emoji_father_christmas_1.png,英文描述名称
完整图标库,17_节日庆典,emoji_father_christmas_2.png,emoji_father_christmas_2.png,英文描述名称
完整图标库,17_节日庆典,emoji_father_christmas_3.png,emoji_father_christmas_3.png,英文描述名称
完整图标库,17_节日庆典,emoji_father_christmas_4.png,emoji_father_christmas_4.png,英文描述名称
完整图标库,17_节日庆典,emoji_father_christmas_5.png,emoji_father_christmas_5.png,英文描述名称
完整图标库,17_节日庆典,emoji_father_christmas_6.png,emoji_father_christmas_6.png,英文描述名称
完整图标库,17_节日庆典,emoji_firework_sparkler.png,emoji_firework_sparkler.png,英文描述名称
完整图标库,17_节日庆典,emoji_fireworks.png,emoji_fireworks.png,英文描述名称
完整图标库,17_节日庆典,emoji_jack_o_lantern.png,emoji_jack_o_lantern.png,英文描述名称
完整图标库,17_节日庆典,emoji_japanese_dolls.png,emoji_japanese_dolls.png,英文描述名称
完整图标库,17_节日庆典,emoji_moon_viewing_ceremony.png,emoji_moon_viewing_ceremony.png,英文描述名称
完整图标库,17_节日庆典,emoji_party_popper.png,emoji_party_popper.png,英文描述名称
完整图标库,17_节日庆典,emoji_pine_decoration.png,emoji_pine_decoration.png,英文描述名称
完整图标库,17_节日庆典,emoji_tanabata_tree.png,emoji_tanabata_tree.png,英文描述名称
完整图标库,17_节日庆典,emoji_wind_chime.png,emoji_wind_chime.png,英文描述名称
完整图标库,18_旅行住宿,emoji_beach_with_umbrella.png,emoji_beach_with_umbrella.png,英文描述名称
完整图标库,18_旅行住宿,emoji_camping.png,emoji_camping.png,英文描述名称
完整图标库,18_旅行住宿,emoji_desert.png,emoji_desert.png,英文描述名称
完整图标库,18_旅行住宿,emoji_desert_island.png,emoji_desert_island.png,英文描述名称
完整图标库,18_旅行住宿,emoji_european_castle.png,emoji_european_castle.png,英文描述名称
完整图标库,18_旅行住宿,emoji_hotel.png,emoji_hotel.png,英文描述名称
完整图标库,18_旅行住宿,emoji_japanese_castle.png,emoji_japanese_castle.png,英文描述名称
完整图标库,18_旅行住宿,emoji_love_hotel.png,emoji_love_hotel.png,英文描述名称
完整图标库,18_旅行住宿,emoji_national_park.png,emoji_national_park.png,英文描述名称
完整图标库,18_旅行住宿,emoji_snow_capped_mountain.png,emoji_snow_capped_mountain.png,英文描述名称
完整图标库,05_健康运动,1f3c3-1f3fb.webp,emoji_runner.png,从视觉统一源文件恢复
代码必需图标,00_代码必需图标,emoji_airplane.png,emoji_airplane.png,代码名称完全匹配
代码必需图标,00_代码必需图标,emoji_arrow_down.png,emoji_arrow_down.png,代码名称完全匹配
代码必需图标,00_代码必需图标,emoji_arrow_up.png,emoji_arrow_up.png,代码名称完全匹配
代码必需图标,00_代码必需图标,emoji_arrow_uturn.png,emoji_arrow_uturn.png,代码名称完全匹配
代码必需图标,00_代码必需图标,emoji_arrows.png,emoji_arrows.png,代码名称完全匹配
代码必需图标,00_代码必需图标,emoji_banknote.png,emoji_banknote.png,代码名称完全匹配
代码必需图标,00_代码必需图标,emoji_banknote2.png,emoji_banknote2.png,代码名称完全匹配
代码必需图标,00_代码必需图标,emoji_basket.png,emoji_basket.png,代码名称完全匹配
代码必需图标,00_代码必需图标,emoji_bolt.png,emoji_bolt.png,代码名称完全匹配
代码必需图标,00_代码必需图标,emoji_book.png,emoji_book.png,代码名称完全匹配
代码必需图标,00_代码必需图标,emoji_book2.png,emoji_book2.png,代码名称完全匹配
代码必需图标,00_代码必需图标,emoji_briefcase.png,emoji_briefcase.png,代码名称完全匹配
代码必需图标,00_代码必需图标,emoji_building.png,emoji_building.png,代码名称完全匹配
代码必需图标,00_代码必需图标,emoji_car.png,emoji_car.png,代码名称完全匹配
代码必需图标,00_代码必需图标,emoji_cart.png,emoji_cart.png,代码名称完全匹配
代码必需图标,00_代码必需图标,emoji_chart_line.png,emoji_chart_line.png,代码名称完全匹配
代码必需图标,00_代码必需图标,emoji_chart_pie.png,emoji_chart_pie.png,代码名称完全匹配
代码必需图标,00_代码必需图标,emoji_clock.png,emoji_clock.png,代码名称完全匹配
代码必需图标,00_代码必需图标,emoji_coffee.png,emoji_coffee.png,代码名称完全匹配
代码必需图标,00_代码必需图标,emoji_creditcard.png,emoji_creditcard.png,代码名称完全匹配
代码必需图标,00_代码必需图标,emoji_cross.png,emoji_cross.png,代码名称完全匹配
代码必需图标,00_代码必需图标,emoji_desktop.png,emoji_desktop.png,代码名称完全匹配
代码必需图标,00_代码必需图标,emoji_dice.png,emoji_dice.png,代码名称完全匹配
代码必需图标,00_代码必需图标,emoji_dollarsign.png,emoji_dollarsign.png,代码名称完全匹配
代码必需图标,00_代码必需图标,emoji_drop.png,emoji_drop.png,代码名称完全匹配
代码必需图标,00_代码必需图标,emoji_ellipsis.png,emoji_ellipsis.png,代码名称完全匹配
代码必需图标,00_代码必需图标,emoji_envelope.png,emoji_envelope.png,代码名称完全匹配
代码必需图标,00_代码必需图标,emoji_figure_child.png,emoji_figure_child.png,代码名称完全匹配
代码必需图标,00_代码必需图标,emoji_film.png,emoji_film.png,代码名称完全匹配
代码必需图标,00_代码必需图标,emoji_flame.png,emoji_flame.png,代码名称完全匹配
代码必需图标,00_代码必需图标,emoji_briefcase.png,emoji_folder.png,当前素材无文件夹图案，暂用办公包占位
代码必需图标,00_代码必需图标,emoji_food.png,emoji_food.png,代码名称完全匹配
代码必需图标,00_代码必需图标,emoji_fruit.png,emoji_fruit.png,代码名称完全匹配
代码必需图标,00_代码必需图标,emoji_fuel.png,emoji_fuel.png,代码名称完全匹配
代码必需图标,00_代码必需图标,emoji_game.png,emoji_game.png,代码名称完全匹配
代码必需图标,00_代码必需图标,emoji_gift.png,emoji_gift.png,代码名称完全匹配
代码必需图标,00_代码必需图标,emoji_graduationcap.png,emoji_graduationcap.png,代码名称完全匹配
代码必需图标,00_代码必需图标,emoji_grid.png,emoji_grid.png,代码名称完全匹配
代码必需图标,00_代码必需图标,emoji_heart.png,emoji_heart.png,代码名称完全匹配
代码必需图标,00_代码必需图标,emoji_house.png,emoji_house.png,代码名称完全匹配
代码必需图标,00_代码必需图标,emoji_key.png,emoji_key.png,代码名称完全匹配
代码必需图标,00_代码必需图标,emoji_leaf.png,emoji_leaf.png,代码名称完全匹配
代码必需图标,00_代码必需图标,emoji_paintbrush.png,emoji_paintbrush.png,代码名称完全匹配
代码必需图标,00_代码必需图标,emoji_pawprint.png,emoji_pawprint.png,代码名称完全匹配
代码必需图标,00_代码必需图标,emoji_person.png,emoji_person.png,代码名称完全匹配
代码必需图标,00_代码必需图标,emoji_person2.png,emoji_person2.png,代码名称完全匹配
代码必需图标,00_代码必需图标,emoji_phone.png,emoji_phone.png,代码名称完全匹配
代码必需图标,00_代码必需图标,emoji_popcorn.png,emoji_popcorn.png,代码名称完全匹配
代码必需图标,00_代码必需图标,emoji_rosette.png,emoji_rosette.png,代码名称完全匹配
代码必需图标,00_代码必需图标,emoji_run.png,emoji_run.png,代码名称完全匹配
代码必需图标,00_代码必需图标,emoji_scooter.png,emoji_scooter.png,代码名称完全匹配
代码必需图标,00_代码必需图标,emoji_shipping.png,emoji_shipping.png,代码名称完全匹配
代码必需图标,00_代码必需图标,emoji_shopping.png,emoji_shopping.png,代码名称完全匹配
代码必需图标,00_代码必需图标,emoji_sparkles.png,emoji_sparkles.png,代码名称完全匹配
代码必需图标,00_代码必需图标,emoji_star.png,emoji_star.png,代码名称完全匹配
代码必需图标,00_代码必需图标,emoji_star_circle.png,emoji_star_circle.png,代码名称完全匹配
代码必需图标,00_代码必需图标,emoji_tag.png,emoji_tag.png,代码名称完全匹配
代码必需图标,00_代码必需图标,emoji_takeout.png,emoji_takeout.png,代码名称完全匹配
代码必需图标,00_代码必需图标,emoji_ticket.png,emoji_ticket.png,代码名称完全匹配
代码必需图标,00_代码必需图标,emoji_transport.png,emoji_transport.png,代码名称完全匹配
代码必需图标,00_代码必需图标,emoji_tshirt.png,emoji_tshirt.png,代码名称完全匹配
代码必需图标,00_代码必需图标,emoji_wallet.png,emoji_wallet.png,代码名称完全匹配
代码必需图标,00_代码必需图标,emoji_washer.png,emoji_washer.png,代码名称完全匹配
代码必需图标,00_代码必需图标,emoji_wine.png,emoji_wine.png,代码名称完全匹配
代码必需图标,00_代码必需图标,emoji_wrench.png,emoji_wrench.png,代码名称完全匹配
